0,0,0,0
0,0,0,0
0.009999990463256836,0.0,0.08722222222222223,0.0
0,0,0,0
0,0,0,0
0.0,0.0,0.08722222222222223,0.0
0,0,0,0
0,0,0,0
0.0,0.0,0.08722222222222223,0.0
0,0,0,0
0,0,0,0
0.009999990463256836,0.0,0.08722222222222223,0.0
0.029999971389770508,0.0,0.08722222222222223,43.611111111111114
0.04999995231628418,0.0,0.08722222222222223,43.611111111111114
0.06999993324279785,0.00013747739130434784,0.08722222222222223,43.54237241545894
0.08999991416931152,0.0004746860869565217,0.08722222222222223,43.37376806763285
0.1099998950958252,0.0010232986956521738,0.08722222222222223,43.09946176328502
0.12999987602233887,0.00175997,0.08722222222222223,42.73112611111112
0.14999985694885254,0.0027158269565217387,0.08722222222222223,42.253197632850245
0.1699998378753662,0.003938856956521739,0.08722222222222223,41.64168263285024
0.19000005722045898,0.004645698260869565,0.08722222222222223,41.28826198067633
0.21000003814697266,0.006281160434782608,0.08722222222222223,40.47053089371981
0.23000001907348633,0.008236970869565216,0.08722222222222223,39.4926256763285
0.25,0.010587056086956521,0.08722222222222223,38.31758306763285
0.26999998092651367,0.013435172608695652,0.08722222222222223,36.893524806763295
0.28999996185302734,0.017485567826086956,0.08722222222222223,34.86832719806764
0.309999942779541,0.022319324782608695,0.08722222222222223,32.45144871980676
0.3299999237060547,0.027460460434782608,0.08722222222222223,29.880880893719812
0.34999990463256836,0.03271572826086956,0.08722222222222223,27.253246980676334
0.36999988555908203,0.03800471695652174,0.08722222222222223,24.608752632850244
0.3899998664855957,0.043300190434782615,0.08722222222222223,21.961015893719807
0.4099998474121094,0.048590476086956526,0.08722222222222223,19.31587306763285
0.42999982833862305,0.05386519826086957,0.08722222222222223,16.67851198067633
0.4500000476837158,0.05911916913043478,0.08722222222222223,14.051526545893724
0.4700000286102295,0.06434331,0.08722222222222223,11.439456111111115
0.49000000953674316,0.06945331869565217,0.08722222222222223,8.884451763285027
0.5099999904632568,0.0744193652173913,0.08722222222222223,6.401428502415464
0.5299999713897705,0.07924144956521738,0.08722222222222223,3.9903863285024253
0.5499999523162842,0.08393772913043479,0.08722222222222223,1.6422465458937192
0.5699999332427979,0.08851987652173914,0.08722222222222223,-0.6488271497584532
0.5899999141693115,0.09295806173913045,0.08722222222222223,-2.8679197584541085
0.6099998950958252,0.09724969086956521,0.08722222222222223,-5.013734323671491
0.6299998760223389,0.10140773347826088,0.08722222222222223,-7.092755628019323
0.6499998569488525,0.10541792304347826,0.08722222222222223,-9.097850410628014
0.6699998378753662,0.1092945260869565,0.08722222222222223,-11.036151932367137
0.690000057220459,0.11303235478260872,0.08722222222222223,-12.905066280193243
0.7100000381469727,0.11663270608695651,0.08722222222222223,-14.705241932367143
0.7300000190734863,0.12009817391304348,0.08722222222222223,-16.437975845410623
0.7599999904632568,0.12343135217391303,0.08722222222222223,-18.104564975845403
0.7799999713897705,0.12660241086956522,0.08722222222222223,-19.6900943236715
0.7999999523162842,0.12957762913043477,0.08722222222222223,-21.177703454106272
0.8199999332427979,0.13234663130434784,0.08722222222222223,-22.56220454106281
0.8399999141693115,0.13490941739130433,0.08722222222222223,-23.843597584541047
0.8599998950958252,0.13726209652173912,0.08722222222222223,-25.019937149758448
0.8799998760223389,0.13939948086956522,0.08722222222222223,-26.088629323671494
0.8999998569488525,0.1413111947826087,0.08722222222222223,-27.044486280193237
0.9199998378753662,0.14299334739130437,0.08722222222222223,-27.88556258454107
0.940000057220459,0.14445501739130434,0.08722222222222223,-28.616397584541055
0.9600000381469727,0.1456793443478261,0.08722222222222223,-29.22856106280193
0.9800000190734863,0.1466702191304348,0.08722222222222223,-29.723998454106283
1.0,0.1473770604347826,0.08722222222222223,-30.077419106280185
1.0199999809265137,0.1478309952173913,0.08722222222222223,-30.30438649758453
1.0399999618530273,0.14804110217391303,0.08722222222222223,-30.4094399758454
1.059999942779541,0.14801516304347825,0.08722222222222223,-30.396470410628012
1.0799999237060547,0.14785952826086957,0.08722222222222223,-30.31865301932367
1.0999999046325684,0.14759754304347827,0.08722222222222223,-30.187660410628023
1.119999885559082,0.14722791043478262,0.08722222222222223,-30.002844106280193
1.1399998664855957,0.14676489695652176,0.08722222222222223,-29.771337367149762
1.1599998474121094,0.14626167782608696,0.08722222222222223,-29.519727801932362
1.179999828338623,0.14571176826086954,0.08722222222222223,-29.244773019323656
1.2000000476837158,0.1450892291304348,0.08722222222222223,-28.93350345410628
1.2200000286102295,0.1443836847826087,0.08722222222222223,-28.58073128019324
1.2400000095367432,0.1436379347826087,0.08722222222222223,-28.207856280193234
1.2599999904632568,0.1428519791304348,0.08722222222222223,-27.81487845410628
1.2799999713897705,0.1419869091304348,0.08722222222222223,-27.382343454106284
1.2999999523162842,0.14106736695652175,0.08722222222222223,-26.922572367149762
1.3299999237060547,0.1401076191304348,0.08722222222222223,-26.44269845410628
1.3499999046325684,0.13907264782608697,0.08722222222222223,-25.92521280193237
1.369999885559082,0.13799617391304347,0.08722222222222223,-25.38697584541062
1.3899998664855957,0.13685485217391302,0.08722222222222223,-24.816314975845398
1.4099998474121094,0.13569537304347826,0.08722222222222223,-24.236575410628014
1.429999828338623,0.13511822739130436,0.08722222222222223,-23.948002584541065
1.4500000476837158,0.13392243347826085,0.08722222222222223,-23.350105628019314
1.4700000286102295,0.13273831217391305,0.08722222222222223,-22.758044975845408
1.4900000095367432,0.13153214260869564,0.08722222222222223,-22.154960193236704
1.5099999904632568,0.13031559739130433,0.08722222222222223,-21.54668758454105
1.5299999713897705,0.1290847856521739,0.08722222222222223,-20.93128171497584
1.5499999523162842,0.12783581652173912,0.08722222222222223,-20.30679714975844
1.5699999332427979,0.12657906565217392,0.08722222222222223,-19.678421714975844
1.5899999141693115,0.12533398739130433,0.08722222222222223,-19.055882584541052
1.6099998950958252,0.12413300565217392,0.08722222222222223,-18.455391714975843
1.6299998760223389,0.12296055695652175,0.08722222222222223,-17.86916736714976
1.6499998569488525,0.12183609565217393,0.08722222222222223,-17.30693671497585
1.6699998378753662,0.12072719782608696,0.08722222222222223,-16.752487801932364
1.690000057220459,0.1196740691304348,0.08722222222222223,-16.225923454106283
1.7100000381469727,0.1186403947826087,0.08722222222222223,-15.709086280193233
1.7300000190734863,0.11764173826086957,0.08722222222222223,-15.209758019323672
1.75,0.11668717826086956,0.08722222222222223,-14.732478019323668
1.7699999809265137,0.11574040000000001,0.08722222222222223,-14.25908888888889
1.7899999618530273,0.11492591130434782,0.08722222222222223,-13.851844541062794
1.809999942779541,0.11425538478260867,0.08722222222222223,-13.516581280193222
1.8299999237060547,0.11369769347826088,0.08722222222222223,-13.237735628019324
1.8499999046325684,0.11324764956521739,0.08722222222222223,-13.012713671497583
1.8799998760223389,0.11293508304347827,0.08722222222222223,-12.85643041062802
1.8999998569488525,0.11278204217391305,0.08722222222222223,-12.77990997584541
1.9199998378753662,0.11276258782608696,0.08722222222222223,-12.770182801932366
1.940000057220459,0.11276258782608696,0.08722222222222223,-12.770182801932366
1.9600000381469727,0.11276258782608696,0.08722222222222223,-12.770182801932366
1.9800000190734863,0.11276258782608696,0.08722222222222223,-12.770182801932366
2.0,0.11276258782608696,0.08722222222222223,-12.770182801932366
2.0199999809265137,0.11276258782608696,0.08722222222222223,-12.770182801932366
2.0399999618530273,0.11276258782608696,0.08722222222222223,-12.770182801932366
2.059999942779541,0.11276258782608696,0.08722222222222223,-12.770182801932366
2.0799999237060547,0.11276258782608696,0.08722222222222223,-12.770182801932366
2.0999999046325684,0.11276258782608696,0.08722222222222223,-12.770182801932366
2.119999885559082,0.11276258782608696,0.08722222222222223,-12.770182801932366
2.1399998664855957,0.11276258782608696,0.08722222222222223,-12.770182801932366
2.1599998474121094,0.11276258782608696,0.08722222222222223,-12.770182801932366
2.179999828338623,0.11276258782608696,0.08722222222222223,-12.770182801932366
2.200000047683716,0.11276258782608696,0.08722222222222223,-12.770182801932366
2.2200000286102295,0.11276258782608696,0.08722222222222223,-12.770182801932366
2.240000009536743,0.11276258782608696,0.08722222222222223,-12.770182801932366
2.259999990463257,0.11276258782608696,0.08722222222222223,-12.770182801932366
2.2799999713897705,0.11276258782608696,0.08722222222222223,-12.770182801932366
2.299999952316284,0.11276258782608696,0.08722222222222223,-12.770182801932366
2.319999933242798,0.11276258782608696,0.08722222222222223,-12.770182801932366
2.3399999141693115,0.11276258782608696,0.08722222222222223,-12.770182801932366
2.359999895095825,0.11276258782608696,0.08722222222222223,-12.770182801932366
2.379999876022339,0.11276258782608696,0.08722222222222223,-12.770182801932366
2.3999998569488525,0.11276258782608696,0.08722222222222223,-12.770182801932366
2.419999837875366,0.11276258782608696,0.08722222222222223,-12.770182801932366
2.440000057220459,0.11276258782608696,0.08722222222222223,-12.770182801932366
2.4700000286102295,0.11276258782608696,0.08722222222222223,-12.770182801932366
2.490000009536743,0.11276258782608696,0.08722222222222223,-12.770182801932366
2.509999990463257,0.11276258782608696,0.08722222222222223,-12.770182801932366
2.5299999713897705,0.11276258782608696,0.08722222222222223,-12.770182801932366
2.549999952316284,0.11276258782608696,0.08722222222222223,-12.770182801932366
2.569999933242798,0.11276258782608696,0.08722222222222223,-12.770182801932366
2.5899999141693115,0.11276258782608696,0.08722222222222223,-12.770182801932366
2.609999895095825,0.11276258782608696,0.08722222222222223,-12.770182801932366
2.629999876022339,0.11276258782608696,0.08722222222222223,-12.770182801932366
2.6499998569488525,0.11276258782608696,0.08722222222222223,-12.770182801932366
2.669999837875366,0.11276258782608696,0.08722222222222223,-12.770182801932366
2.690000057220459,0.11276258782608696,0.08722222222222223,-12.770182801932366
2.7100000381469727,0.11276258782608696,0.08722222222222223,-12.770182801932366
2.7300000190734863,0.11276258782608696,0.08722222222222223,-12.770182801932366
2.75,0.11276258782608696,0.08722222222222223,-12.770182801932366
2.7699999809265137,0.11276258782608696,0.08722222222222223,-12.770182801932366
2.7899999618530273,0.11276258782608696,0.08722222222222223,-12.770182801932366
2.809999942779541,0.11276258782608696,0.08722222222222223,-12.770182801932366
2.8299999237060547,0.11276258782608696,0.08722222222222223,-12.770182801932366
2.8499999046325684,0.11276258782608696,0.08722222222222223,-12.770182801932366
2.869999885559082,0.11276258782608696,0.08722222222222223,-12.770182801932366
2.8899998664855957,0.11276258782608696,0.08722222222222223,-12.770182801932366
2.9099998474121094,0.11276258782608696,0.08722222222222223,-12.770182801932366
2.929999828338623,0.11276258782608696,0.08722222222222223,-12.770182801932366
2.950000047683716,0.11276258782608696,0.08722222222222223,-12.770182801932366
2.9700000286102295,0.11276258782608696,0.08722222222222223,-12.770182801932366
2.990000009536743,0.11276258782608696,0.08722222222222223,-12.770182801932366
3.009999990463257,0.11276258782608696,0.08722222222222223,-12.770182801932366
3.0399999618530273,0.11276258782608696,0.08722222222222223,-12.770182801932366
3.059999942779541,0.11276258782608696,0.08722222222222223,-12.770182801932366
3.0799999237060547,0.11276258782608696,0.08722222222222223,-12.770182801932366
3.0999999046325684,0.11276258782608696,0.08722222222222223,-12.770182801932366
3.119999885559082,0.11276258782608696,0.08722222222222223,-12.770182801932366
3.1399998664855957,0.11276258782608696,0.08722222222222223,-12.770182801932366
3.1599998474121094,0.11276258782608696,0.08722222222222223,-12.770182801932366
3.179999828338623,0.11276258782608696,0.08722222222222223,-12.770182801932366
3.200000047683716,0.11276258782608696,0.08722222222222223,-12.770182801932366
3.2200000286102295,0.11276258782608696,0.08722222222222223,-12.770182801932366
3.240000009536743,0.11276258782608696,0.08722222222222223,-12.770182801932366
3.259999990463257,0.11276258782608696,0.08722222222222223,-12.770182801932366
3.2799999713897705,0.11276258782608696,0.08722222222222223,-12.770182801932366
3.299999952316284,0.11276258782608696,0.08722222222222223,-12.770182801932366
3.319999933242798,0.11276258782608696,0.08722222222222223,-12.770182801932366
3.3399999141693115,0.11276258782608696,0.08722222222222223,-12.770182801932366
3.359999895095825,0.11276258782608696,0.08722222222222223,-12.770182801932366
3.379999876022339,0.11276258782608696,0.08722222222222223,-12.770182801932366
3.3999998569488525,0.11276258782608696,0.08722222222222223,-12.770182801932366
3.419999837875366,0.11276258782608696,0.08722222222222223,-12.770182801932366
3.440000057220459,0.11276258782608696,0.08722222222222223,-12.770182801932366
3.4600000381469727,0.11276258782608696,0.08722222222222223,-12.770182801932366
3.4800000190734863,0.11276258782608696,0.08722222222222223,-12.770182801932366
3.5,0.11276258782608696,0.08722222222222223,-12.770182801932366
3.5199999809265137,0.11276258782608696,0.08722222222222223,-12.770182801932366
3.5399999618530273,0.11276258782608696,0.08722222222222223,-12.770182801932366
3.559999942779541,0.11276258782608696,0.08722222222222223,-12.770182801932366
3.5799999237060547,0.11276258782608696,0.08722222222222223,-12.770182801932366
3.609999895095825,0.11276258782608696,0.08722222222222223,-12.770182801932366
3.629999876022339,0.11276258782608696,0.08722222222222223,-12.770182801932366
3.6499998569488525,0.11276258782608696,0.08722222222222223,-12.770182801932366
3.669999837875366,0.11276258782608696,0.08722222222222223,-12.770182801932366
3.690000057220459,0.11276258782608696,0.08722222222222223,-12.770182801932366
3.7100000381469727,0.11276258782608696,0.08722222222222223,-12.770182801932366
3.7300000190734863,0.11276258782608696,0.08722222222222223,-12.770182801932366
3.75,0.11276258782608696,0.08722222222222223,-12.770182801932366
3.7699999809265137,0.11276258782608696,0.08722222222222223,-12.770182801932366
3.7899999618530273,0.11276258782608696,0.08722222222222223,-12.770182801932366
3.809999942779541,0.11276258782608696,0.08722222222222223,-12.770182801932366
3.8299999237060547,0.11276258782608696,0.08722222222222223,-12.770182801932366
3.8499999046325684,0.11276258782608696,0.08722222222222223,-12.770182801932366
3.869999885559082,0.11276258782608696,0.08722222222222223,-12.770182801932366
3.8899998664855957,0.11276258782608696,0.08722222222222223,-12.770182801932366
3.9099998474121094,0.11276258782608696,0.08722222222222223,-12.770182801932366
3.929999828338623,0.11276258782608696,0.08722222222222223,-12.770182801932366
3.950000047683716,0.11276258782608696,0.08722222222222223,-12.770182801932366
3.9700000286102295,0.11276258782608696,0.08722222222222223,-12.770182801932366
3.990000009536743,0.11276258782608696,0.08722222222222223,-12.770182801932366
4.009999990463257,0.11276258782608696,0.08722222222222223,-12.770182801932366
4.0299999713897705,0.11276258782608696,0.08722222222222223,-12.770182801932366
4.049999952316284,0.11276258782608696,0.08722222222222223,-12.770182801932366
4.069999933242798,0.11276258782608696,0.08722222222222223,-12.770182801932366
4.0899999141693115,0.11276258782608696,0.08722222222222223,-12.770182801932366
4.109999895095825,0.11276258782608696,0.08722222222222223,-12.770182801932366
4.129999876022339,0.11276258782608696,0.08722222222222223,-12.770182801932366
4.159999847412109,0.11276258782608696,0.08722222222222223,-12.770182801932366
4.179999828338623,0.11276258782608696,0.08722222222222223,-12.770182801932366
4.200000047683716,0.11276258782608696,0.08722222222222223,-12.770182801932366
4.2200000286102295,0.11276258782608696,0.08722222222222223,-12.770182801932366
4.240000009536743,0.11276258782608696,0.08722222222222223,-12.770182801932366
4.259999990463257,0.11276258782608696,0.08722222222222223,-12.770182801932366
4.2799999713897705,0.11276258782608696,0.08722222222222223,-12.770182801932366
4.299999952316284,0.11276258782608696,0.08722222222222223,-12.770182801932366
4.319999933242798,0.11276258782608696,0.08722222222222223,-12.770182801932366
4.3399999141693115,0.11276258782608696,0.08722222222222223,-12.770182801932366
4.359999895095825,0.11276258782608696,0.08722222222222223,-12.770182801932366
4.379999876022339,0.11276258782608696,0.08722222222222223,-12.770182801932366
4.3999998569488525,0.11276258782608696,0.08722222222222223,-12.770182801932366
4.419999837875366,0.11276258782608696,0.08722222222222223,-12.770182801932366
4.440000057220459,0.11276258782608696,0.08722222222222223,-12.770182801932366
4.460000038146973,0.11276258782608696,0.08722222222222223,-12.770182801932366
4.480000019073486,0.11276258782608696,0.08722222222222223,-12.770182801932366
4.5,0.11276258782608696,0.08722222222222223,-12.770182801932366
4.519999980926514,0.11276258782608696,0.08722222222222223,-12.770182801932366
4.539999961853027,0.11276258782608696,0.08722222222222223,-12.770182801932366
4.559999942779541,0.11276258782608696,0.08722222222222223,-12.770182801932366
4.579999923706055,0.11276258782608696,0.08722222222222223,-12.770182801932366
4.599999904632568,0.11276258782608696,0.08722222222222223,-12.770182801932366
4.619999885559082,0.11276258782608696,0.08722222222222223,-12.770182801932366
4.639999866485596,0.11276258782608696,0.08722222222222223,-12.770182801932366
4.659999847412109,0.11276258782608696,0.08722222222222223,-12.770182801932366
4.679999828338623,0.11276258782608696,0.08722222222222223,-12.770182801932366
4.700000047683716,0.11276258782608696,0.08722222222222223,-12.770182801932366
4.730000019073486,0.11276258782608696,0.08722222222222223,-12.770182801932366
4.75,0.11276258782608696,0.08722222222222223,-12.770182801932366
4.769999980926514,0.11276258782608696,0.08722222222222223,-12.770182801932366
4.789999961853027,0.11276258782608696,0.08722222222222223,-12.770182801932366
4.809999942779541,0.11276258782608696,0.08722222222222223,-12.770182801932366
4.829999923706055,0.11276258782608696,0.08722222222222223,-12.770182801932366
4.849999904632568,0.11276258782608696,0.08722222222222223,-12.770182801932366
4.869999885559082,0.11276258782608696,0.08722222222222223,-12.770182801932366
4.889999866485596,0.11276258782608696,0.08722222222222223,-12.770182801932366
4.909999847412109,0.11276258782608696,0.08722222222222223,-12.770182801932366
4.929999828338623,0.11276258782608696,0.08722222222222223,-12.770182801932366
4.950000047683716,0.11276258782608696,0.08722222222222223,-12.770182801932366
4.9700000286102295,0.11276258782608696,0.08722222222222223,-12.770182801932366
4.990000009536743,0.11276258782608696,0.08722222222222223,-12.770182801932366
5.009999990463257,0.11276258782608696,0.08722222222222223,-12.770182801932366
5.0299999713897705,0.11276258782608696,0.08722222222222223,-12.770182801932366
5.049999952316284,0.11276258782608696,0.08722222222222223,-12.770182801932366
5.069999933242798,0.11276258782608696,0.08722222222222223,-12.770182801932366
5.0899999141693115,0.11276258782608696,0.08722222222222223,-12.770182801932366
5.109999895095825,0.11276258782608696,0.08722222222222223,-12.770182801932366
5.129999876022339,0.11276258782608696,0.08722222222222223,-12.770182801932366
5.1499998569488525,0.11276258782608696,0.08722222222222223,-12.770182801932366
5.169999837875366,0.11276258782608696,0.08722222222222223,-12.770182801932366
5.190000057220459,0.11276258782608696,0.08722222222222223,-12.770182801932366
5.210000038146973,0.11276258782608696,0.08722222222222223,-12.770182801932366
5.230000019073486,0.11276258782608696,0.08722222222222223,-12.770182801932366
5.25,0.11276258782608696,0.08722222222222223,-12.770182801932366
5.269999980926514,0.11276258782608696,0.08722222222222223,-12.770182801932366
5.299999952316284,0.11276258782608696,0.08722222222222223,-12.770182801932366
5.319999933242798,0.11276258782608696,0.08722222222222223,-12.770182801932366
5.3399999141693115,0.11276258782608696,0.08722222222222223,-12.770182801932366
5.359999895095825,0.11276258782608696,0.08722222222222223,-12.770182801932366
5.379999876022339,0.11276258782608696,0.08722222222222223,-12.770182801932366
5.3999998569488525,0.11276258782608696,0.08722222222222223,-12.770182801932366
5.419999837875366,0.11276258782608696,0.08722222222222223,-12.770182801932366
5.440000057220459,0.11276258782608696,0.08722222222222223,-12.770182801932366
5.460000038146973,0.11276258782608696,0.08722222222222223,-12.770182801932366
5.480000019073486,0.11276258782608696,0.08722222222222223,-12.770182801932366
5.5,0.11276258782608696,0.08722222222222223,-12.770182801932366
5.519999980926514,0.11276258782608696,0.08722222222222223,-12.770182801932366
5.539999961853027,0.11276258782608696,0.08722222222222223,-12.770182801932366
5.559999942779541,0.11276258782608696,0.08722222222222223,-12.770182801932366
5.579999923706055,0.11276258782608696,0.08722222222222223,-12.770182801932366
5.599999904632568,0.11276258782608696,0.08722222222222223,-12.770182801932366
5.619999885559082,0.11276258782608696,0.08722222222222223,-12.770182801932366
5.639999866485596,0.11276258782608696,0.08722222222222223,-12.770182801932366
5.659999847412109,0.11276258782608696,0.08722222222222223,-12.770182801932366
5.679999828338623,0.11276258782608696,0.08722222222222223,-12.770182801932366
5.700000047683716,0.11276258782608696,0.08722222222222223,-12.770182801932366
5.7200000286102295,0.11276258782608696,0.08722222222222223,-12.770182801932366
5.740000009536743,0.11276258782608696,0.08722222222222223,-12.770182801932366
5.759999990463257,0.11276258782608696,0.08722222222222223,-12.770182801932366
5.7799999713897705,0.11276258782608696,0.08722222222222223,-12.770182801932366
5.799999952316284,0.11276258782608696,0.08722222222222223,-12.770182801932366
5.819999933242798,0.11276258782608696,0.08722222222222223,-12.770182801932366
5.849999904632568,0.11276258782608696,0.08722222222222223,-12.770182801932366
5.869999885559082,0.11276258782608696,0.08722222222222223,-12.770182801932366
5.889999866485596,0.11276258782608696,0.08722222222222223,-12.770182801932366
5.909999847412109,0.11276258782608696,0.08722222222222223,-12.770182801932366
5.929999828338623,0.11276258782608696,0.08722222222222223,-12.770182801932366
5.950000047683716,0.11276258782608696,0.08722222222222223,-12.770182801932366
5.9700000286102295,0.11276258782608696,0.08722222222222223,-12.770182801932366
5.990000009536743,0.11276258782608696,0.08722222222222223,-12.770182801932366
6.009999990463257,0.11276258782608696,0.08722222222222223,-12.770182801932366
6.0299999713897705,0.11276258782608696,0.08722222222222223,-12.770182801932366
6.049999952316284,0.11276258782608696,0.08722222222222223,-12.770182801932366
6.069999933242798,0.11276258782608696,0.08722222222222223,-12.770182801932366
6.0899999141693115,0.11276258782608696,0.08722222222222223,-12.770182801932366
6.109999895095825,0.11276258782608696,0.08722222222222223,-12.770182801932366
6.129999876022339,0.11276258782608696,0.08722222222222223,-12.770182801932366
6.1499998569488525,0.11276258782608696,0.08722222222222223,-12.770182801932366
6.169999837875366,0.11276258782608696,0.08722222222222223,-12.770182801932366
6.190000057220459,0.11276258782608696,0.08722222222222223,-12.770182801932366
6.210000038146973,0.11276258782608696,0.08722222222222223,-12.770182801932366
6.230000019073486,0.11276258782608696,0.08722222222222223,-12.770182801932366
6.25,0.11276258782608696,0.08722222222222223,-12.770182801932366
6.269999980926514,0.11276258782608696,0.08722222222222223,-12.770182801932366
6.289999961853027,0.11276258782608696,0.08722222222222223,-12.770182801932366
6.309999942779541,0.11276258782608696,0.08722222222222223,-12.770182801932366
6.329999923706055,0.11276258782608696,0.08722222222222223,-12.770182801932366
6.349999904632568,0.11276258782608696,0.08722222222222223,-12.770182801932366
6.369999885559082,0.11276258782608696,0.08722222222222223,-12.770182801932366
6.389999866485596,0.11276258782608696,0.08722222222222223,-12.770182801932366
6.409999847412109,0.11276258782608696,0.08722222222222223,-12.770182801932366
6.440000057220459,0.11276258782608696,0.08722222222222223,-12.770182801932366
6.460000038146973,0.11276258782608696,0.08722222222222223,-12.770182801932366
6.480000019073486,0.11276258782608696,0.08722222222222223,-12.770182801932366
6.5,0.11276258782608696,0.08722222222222223,-12.770182801932366
6.519999980926514,0.11276258782608696,0.08722222222222223,-12.770182801932366
6.539999961853027,0.11276258782608696,0.08722222222222223,-12.770182801932366
6.559999942779541,0.11276258782608696,0.08722222222222223,-12.770182801932366
6.579999923706055,0.11276258782608696,0.08722222222222223,-12.770182801932366
6.599999904632568,0.11276258782608696,0.08722222222222223,-12.770182801932366
6.619999885559082,0.11276258782608696,0.08722222222222223,-12.770182801932366
6.639999866485596,0.11276258782608696,0.08722222222222223,-12.770182801932366
6.659999847412109,0.11276258782608696,0.08722222222222223,-12.770182801932366
6.679999828338623,0.11276258782608696,0.08722222222222223,-12.770182801932366
6.700000047683716,0.11276258782608696,0.08722222222222223,-12.770182801932366
6.7200000286102295,0.11276258782608696,0.08722222222222223,-12.770182801932366
6.740000009536743,0.11276258782608696,0.08722222222222223,-12.770182801932366
6.759999990463257,0.11276258782608696,0.08722222222222223,-12.770182801932366
6.7799999713897705,0.11276258782608696,0.08722222222222223,-12.770182801932366
6.799999952316284,0.11276258782608696,0.08722222222222223,-12.770182801932366
6.819999933242798,0.11276258782608696,0.08722222222222223,-12.770182801932366
6.8399999141693115,0.11276258782608696,0.08722222222222223,-12.770182801932366
6.859999895095825,0.11276258782608696,0.08722222222222223,-12.770182801932366
6.879999876022339,0.11276258782608696,0.08722222222222223,-12.770182801932366
6.8999998569488525,0.11276258782608696,0.08722222222222223,-12.770182801932366
6.919999837875366,0.11276258782608696,0.08722222222222223,-12.770182801932366
6.940000057220459,0.11276258782608696,0.08722222222222223,-12.770182801932366
6.960000038146973,0.11276258782608696,0.08722222222222223,-12.770182801932366
6.980000019073486,0.11276258782608696,0.08722222222222223,-12.770182801932366
7.009999990463257,0.11276258782608696,0.08722222222222223,-12.770182801932366
7.0299999713897705,0.11276258782608696,0.08722222222222223,-12.770182801932366
7.049999952316284,0.11276258782608696,0.08722222222222223,-12.770182801932366
7.069999933242798,0.11276258782608696,0.08722222222222223,-12.770182801932366
7.0899999141693115,0.11276258782608696,0.08722222222222223,-12.770182801932366
7.109999895095825,0.11276258782608696,0.08722222222222223,-12.770182801932366
7.129999876022339,0.11276258782608696,0.08722222222222223,-12.770182801932366
7.1499998569488525,0.11276258782608696,0.08722222222222223,-12.770182801932366
7.169999837875366,0.11276258782608696,0.08722222222222223,-12.770182801932366
7.190000057220459,0.11276258782608696,0.08722222222222223,-12.770182801932366
7.210000038146973,0.11276258782608696,0.08722222222222223,-12.770182801932366
7.230000019073486,0.11276258782608696,0.08722222222222223,-12.770182801932366
7.25,0.11276258782608696,0.08722222222222223,-12.770182801932366
7.269999980926514,0.11276258782608696,0.08722222222222223,-12.770182801932366
7.289999961853027,0.11276258782608696,0.08722222222222223,-12.770182801932366
7.309999942779541,0.11276258782608696,0.08722222222222223,-12.770182801932366
7.329999923706055,0.11276258782608696,0.08722222222222223,-12.770182801932366
7.349999904632568,0.11276258782608696,0.08722222222222223,-12.770182801932366
7.369999885559082,0.11276258782608696,0.08722222222222223,-12.770182801932366
7.389999866485596,0.11276258782608696,0.08722222222222223,-12.770182801932366
7.409999847412109,0.11276258782608696,0.08722222222222223,-12.770182801932366
7.429999828338623,0.11276258782608696,0.08722222222222223,-12.770182801932366
7.450000047683716,0.11276258782608696,0.08722222222222223,-12.770182801932366
7.4700000286102295,0.11276258782608696,0.08722222222222223,-12.770182801932366
7.490000009536743,0.11276258782608696,0.08722222222222223,-12.770182801932366
7.509999990463257,0.11276258782608696,0.08722222222222223,-12.770182801932366
7.5299999713897705,0.11276258782608696,0.08722222222222223,-12.770182801932366
7.549999952316284,0.11276258782608696,0.08722222222222223,-12.770182801932366
7.579999923706055,0.11276258782608696,0.08722222222222223,-12.770182801932366
7.599999904632568,0.11276258782608696,0.08722222222222223,-12.770182801932366
7.619999885559082,0.11276258782608696,0.08722222222222223,-12.770182801932366
7.639999866485596,0.11276258782608696,0.08722222222222223,-12.770182801932366
7.659999847412109,0.11276258782608696,0.08722222222222223,-12.770182801932366
7.679999828338623,0.11276258782608696,0.08722222222222223,-12.770182801932366
7.700000047683716,0.11276258782608696,0.08722222222222223,-12.770182801932366
7.7200000286102295,0.11276258782608696,0.08722222222222223,-12.770182801932366
7.740000009536743,0.11276258782608696,0.08722222222222223,-12.770182801932366
7.759999990463257,0.11276258782608696,0.08722222222222223,-12.770182801932366
7.7799999713897705,0.11276258782608696,0.08722222222222223,-12.770182801932366
7.799999952316284,0.11276258782608696,0.08722222222222223,-12.770182801932366
7.819999933242798,0.11276258782608696,0.08722222222222223,-12.770182801932366
7.8399999141693115,0.11276258782608696,0.08722222222222223,-12.770182801932366
7.859999895095825,0.11276258782608696,0.08722222222222223,-12.770182801932366
7.879999876022339,0.11276258782608696,0.08722222222222223,-12.770182801932366
7.8999998569488525,0.11276258782608696,0.08722222222222223,-12.770182801932366
7.919999837875366,0.11276258782608696,0.08722222222222223,-12.770182801932366
7.940000057220459,0.11276258782608696,0.08722222222222223,-12.770182801932366
7.960000038146973,0.11276258782608696,0.08722222222222223,-12.770182801932366
7.980000019073486,0.11276258782608696,0.08722222222222223,-12.770182801932366
8.0,0.11276258782608696,0.08722222222222223,-12.770182801932366
8.019999980926514,0.11276258782608696,0.08722222222222223,-12.770182801932366
8.039999961853027,0.11276258782608696,0.08722222222222223,-12.770182801932366
8.059999942779541,0.11276258782608696,0.08722222222222223,-12.770182801932366
8.079999923706055,0.11276258782608696,0.08722222222222223,-12.770182801932366
8.099999904632568,0.11276258782608696,0.08722222222222223,-12.770182801932366
8.119999885559082,0.11276258782608696,0.08722222222222223,-12.770182801932366
8.149999856948853,0.11276258782608696,0.08722222222222223,-12.770182801932366
8.169999837875366,0.11276258782608696,0.08722222222222223,-12.770182801932366
8.190000057220459,0.11276258782608696,0.08722222222222223,-12.770182801932366
8.210000038146973,0.11276258782608696,0.08722222222222223,-12.770182801932366
8.230000019073486,0.11276258782608696,0.08722222222222223,-12.770182801932366
8.25,0.11276258782608696,0.08722222222222223,-12.770182801932366
8.269999980926514,0.11276258782608696,0.08722222222222223,-12.770182801932366
8.289999961853027,0.11276258782608696,0.08722222222222223,-12.770182801932366
8.309999942779541,0.11276258782608696,0.08722222222222223,-12.770182801932366
8.329999923706055,0.11276258782608696,0.08722222222222223,-12.770182801932366
8.349999904632568,0.11276258782608696,0.08722222222222223,-12.770182801932366
8.369999885559082,0.11276258782608696,0.08722222222222223,-12.770182801932366
8.389999866485596,0.11276258782608696,0.08722222222222223,-12.770182801932366
8.40999984741211,0.11276258782608696,0.08722222222222223,-12.770182801932366
8.429999828338623,0.11276258782608696,0.08722222222222223,-12.770182801932366
8.450000047683716,0.11276258782608696,0.08722222222222223,-12.770182801932366
8.47000002861023,0.11276258782608696,0.08722222222222223,-12.770182801932366
8.490000009536743,0.11276258782608696,0.08722222222222223,-12.770182801932366
8.509999990463257,0.11276258782608696,0.08722222222222223,-12.770182801932366
8.52999997138977,0.11276258782608696,0.08722222222222223,-12.770182801932366
8.549999952316284,0.11276258782608696,0.08722222222222223,-12.770182801932366
8.569999933242798,0.11276258782608696,0.08722222222222223,-12.770182801932366
8.589999914169312,0.11276258782608696,0.08722222222222223,-12.770182801932366
8.609999895095825,0.11276258782608696,0.08722222222222223,-12.770182801932366
8.629999876022339,0.11276258782608696,0.08722222222222223,-12.770182801932366
8.649999856948853,0.11276258782608696,0.08722222222222223,-12.770182801932366
8.669999837875366,0.11276258782608696,0.08722222222222223,-12.770182801932366
8.690000057220459,0.11276258782608696,0.08722222222222223,-12.770182801932366
8.72000002861023,0.11276258782608696,0.08722222222222223,-12.770182801932366
8.740000009536743,0.11276258782608696,0.08722222222222223,-12.770182801932366
8.759999990463257,0.11276258782608696,0.08722222222222223,-12.770182801932366
8.77999997138977,0.11276258782608696,0.08722222222222223,-12.770182801932366
8.799999952316284,0.11276258782608696,0.08722222222222223,-12.770182801932366
8.819999933242798,0.11276258782608696,0.08722222222222223,-12.770182801932366
8.839999914169312,0.11276258782608696,0.08722222222222223,-12.770182801932366
8.859999895095825,0.11276258782608696,0.08722222222222223,-12.770182801932366
8.879999876022339,0.11276258782608696,0.08722222222222223,-12.770182801932366
8.899999856948853,0.11276258782608696,0.08722222222222223,-12.770182801932366
8.919999837875366,0.11276258782608696,0.08722222222222223,-12.770182801932366
8.940000057220459,0.11276258782608696,0.08722222222222223,-12.770182801932366
8.960000038146973,0.11276258782608696,0.08722222222222223,-12.770182801932366
8.980000019073486,0.11276258782608696,0.08722222222222223,-12.770182801932366
9.0,0.11276258782608696,0.08722222222222223,-12.770182801932366
9.019999980926514,0.11276258782608696,0.08722222222222223,-12.770182801932366
9.039999961853027,0.11276258782608696,0.08722222222222223,-12.770182801932366
9.059999942779541,0.11276258782608696,0.08722222222222223,-12.770182801932366
9.079999923706055,0.11276258782608696,0.08722222222222223,-12.770182801932366
9.099999904632568,0.11276258782608696,0.08722222222222223,-12.770182801932366
9.119999885559082,0.11276258782608696,0.08722222222222223,-12.770182801932366
9.139999866485596,0.11276258782608696,0.08722222222222223,-12.770182801932366
9.15999984741211,0.11276258782608696,0.08722222222222223,-12.770182801932366
9.179999828338623,0.11276258782608696,0.08722222222222223,-12.770182801932366
9.200000047683716,0.11276258782608696,0.08722222222222223,-12.770182801932366
9.22000002861023,0.11276258782608696,0.08722222222222223,-12.770182801932366
9.240000009536743,0.11276258782608696,0.08722222222222223,-12.770182801932366
9.259999990463257,0.11276258782608696,0.08722222222222223,-12.770182801932366
9.289999961853027,0.11276258782608696,0.08722222222222223,-12.770182801932366
9.309999942779541,0.11276258782608696,0.08722222222222223,-12.770182801932366
9.329999923706055,0.11276258782608696,0.08722222222222223,-12.770182801932366
9.349999904632568,0.11276258782608696,0.08722222222222223,-12.770182801932366
9.369999885559082,0.11276258782608696,0.08722222222222223,-12.770182801932366
9.389999866485596,0.11276258782608696,0.08722222222222223,-12.770182801932366
9.40999984741211,0.11276258782608696,0.08722222222222223,-12.770182801932366
9.429999828338623,0.11276258782608696,0.08722222222222223,-12.770182801932366
9.450000047683716,0.11276258782608696,0.08722222222222223,-12.770182801932366
9.47000002861023,0.11276258782608696,0.08722222222222223,-12.770182801932366
9.490000009536743,0.11276258782608696,0.08722222222222223,-12.770182801932366
9.509999990463257,0.11276258782608696,0.08722222222222223,-12.770182801932366
9.52999997138977,0.11276258782608696,0.08722222222222223,-12.770182801932366
9.549999952316284,0.11276258782608696,0.08722222222222223,-12.770182801932366
9.569999933242798,0.11276258782608696,0.08722222222222223,-12.770182801932366
9.589999914169312,0.11276258782608696,0.08722222222222223,-12.770182801932366
9.609999895095825,0.11276258782608696,0.08722222222222223,-12.770182801932366
9.629999876022339,0.11276258782608696,0.08722222222222223,-12.770182801932366
9.649999856948853,0.11276258782608696,0.08722222222222223,-12.770182801932366
9.669999837875366,0.11276258782608696,0.08722222222222223,-12.770182801932366
9.690000057220459,0.11276258782608696,0.08722222222222223,-12.770182801932366
9.710000038146973,0.11276258782608696,0.08722222222222223,-12.770182801932366
9.730000019073486,0.11276258782608696,0.08722222222222223,-12.770182801932366
9.75,0.11276258782608696,0.08722222222222223,-12.770182801932366
9.769999980926514,0.11276258782608696,0.08722222222222223,-12.770182801932366
9.789999961853027,0.11276258782608696,0.08722222222222223,-12.770182801932366
9.809999942779541,0.11276258782608696,0.08722222222222223,-12.770182801932366
9.829999923706055,0.11276258782608696,0.08722222222222223,-12.770182801932366
9.859999895095825,0.11276258782608696,0.08722222222222223,-12.770182801932366
9.879999876022339,0.11276258782608696,0.08722222222222223,-12.770182801932366
9.899999856948853,0.11276258782608696,0.08722222222222223,-12.770182801932366
9.919999837875366,0.11276258782608696,0.08722222222222223,-12.770182801932366
9.940000057220459,0.11276258782608696,0.08722222222222223,-12.770182801932366
9.960000038146973,0.11276258782608696,0.08722222222222223,-12.770182801932366
9.980000019073486,0.11276258782608696,0.08722222222222223,-12.770182801932366
10.0,0.11276258782608696,0.08722222222222223,-12.770182801932366
10.019999980926514,0.11276258782608696,0.08722222222222223,-12.770182801932366
10.039999961853027,0.11276258782608696,0.08722222222222223,-12.770182801932366
10.059999942779541,0.11276258782608696,0.08722222222222223,-12.770182801932366
10.079999923706055,0.11276258782608696,0.08722222222222223,-12.770182801932366
10.099999904632568,0.11276258782608696,0.08722222222222223,-12.770182801932366
10.119999885559082,0.11276258782608696,0.08722222222222223,-12.770182801932366
10.139999866485596,0.11276258782608696,0.08722222222222223,-12.770182801932366
10.15999984741211,0.11276258782608696,0.08722222222222223,-12.770182801932366
10.179999828338623,0.11276258782608696,0.08722222222222223,-12.770182801932366
10.200000047683716,0.11276258782608696,0.08722222222222223,-12.770182801932366
10.22000002861023,0.11276258782608696,0.08722222222222223,-12.770182801932366
10.240000009536743,0.11276258782608696,0.08722222222222223,-12.770182801932366
10.259999990463257,0.11276258782608696,0.08722222222222223,-12.770182801932366
10.27999997138977,0.11276258782608696,0.08722222222222223,-12.770182801932366
10.299999952316284,0.11276258782608696,0.08722222222222223,-12.770182801932366
10.319999933242798,0.11276258782608696,0.08722222222222223,-12.770182801932366
10.339999914169312,0.11276258782608696,0.08722222222222223,-12.770182801932366
10.359999895095825,0.11276258782608696,0.08722222222222223,-12.770182801932366
10.379999876022339,0.11276258782608696,0.08722222222222223,-12.770182801932366
10.40999984741211,0.11276258782608696,0.08722222222222223,-12.770182801932366
10.429999828338623,0.11276258782608696,0.08722222222222223,-12.770182801932366
10.450000047683716,0.11276258782608696,0.08722222222222223,-12.770182801932366
10.47000002861023,0.11276258782608696,0.08722222222222223,-12.770182801932366
10.490000009536743,0.11276258782608696,0.08722222222222223,-12.770182801932366
10.509999990463257,0.11276258782608696,0.08722222222222223,-12.770182801932366
10.52999997138977,0.11276258782608696,0.08722222222222223,-12.770182801932366
10.549999952316284,0.11276258782608696,0.08722222222222223,-12.770182801932366
10.569999933242798,0.11276258782608696,0.08722222222222223,-12.770182801932366
10.589999914169312,0.11276258782608696,0.08722222222222223,-12.770182801932366
10.609999895095825,0.11276258782608696,0.08722222222222223,-12.770182801932366
10.629999876022339,0.11276258782608696,0.08722222222222223,-12.770182801932366
10.649999856948853,0.11276258782608696,0.08722222222222223,-12.770182801932366
10.669999837875366,0.11276258782608696,0.08722222222222223,-12.770182801932366
10.690000057220459,0.11276258782608696,0.08722222222222223,-12.770182801932366
10.710000038146973,0.11276258782608696,0.08722222222222223,-12.770182801932366
10.730000019073486,0.11276258782608696,0.08722222222222223,-12.770182801932366
10.75,0.11276258782608696,0.08722222222222223,-12.770182801932366
10.769999980926514,0.11276258782608696,0.08722222222222223,-12.770182801932366
10.789999961853027,0.11276258782608696,0.08722222222222223,-12.770182801932366
10.809999942779541,0.11276258782608696,0.08722222222222223,-12.770182801932366
10.829999923706055,0.11276258782608696,0.08722222222222223,-12.770182801932366
10.849999904632568,0.11276258782608696,0.08722222222222223,-12.770182801932366
10.869999885559082,0.11276258782608696,0.08722222222222223,-12.770182801932366
10.889999866485596,0.11276258782608696,0.08722222222222223,-12.770182801932366
10.90999984741211,0.11276258782608696,0.08722222222222223,-12.770182801932366
10.929999828338623,0.11276258782608696,0.08722222222222223,-12.770182801932366
10.950000047683716,0.11276258782608696,0.08722222222222223,-12.770182801932366
10.980000019073486,0.11276258782608696,0.08722222222222223,-12.770182801932366
11.0,0.11276258782608696,0.08722222222222223,-12.770182801932366
11.019999980926514,0.11276258782608696,0.08722222222222223,-12.770182801932366
11.039999961853027,0.11276258782608696,0.08722222222222223,-12.770182801932366
11.059999942779541,0.11276258782608696,0.08722222222222223,-12.770182801932366
11.079999923706055,0.11276258782608696,0.08722222222222223,-12.770182801932366
11.099999904632568,0.11276258782608696,0.08722222222222223,-12.770182801932366
11.119999885559082,0.11276258782608696,0.08722222222222223,-12.770182801932366
11.139999866485596,0.11276258782608696,0.08722222222222223,-12.770182801932366
11.15999984741211,0.11276258782608696,0.08722222222222223,-12.770182801932366
11.179999828338623,0.11276258782608696,0.08722222222222223,-12.770182801932366
11.200000047683716,0.11276258782608696,0.08722222222222223,-12.770182801932366
11.22000002861023,0.11276258782608696,0.08722222222222223,-12.770182801932366
11.240000009536743,0.11276258782608696,0.08722222222222223,-12.770182801932366
11.259999990463257,0.11276258782608696,0.08722222222222223,-12.770182801932366
11.27999997138977,0.11276258782608696,0.08722222222222223,-12.770182801932366
11.299999952316284,0.11276258782608696,0.08722222222222223,-12.770182801932366
11.319999933242798,0.11276258782608696,0.08722222222222223,-12.770182801932366
11.339999914169312,0.11276258782608696,0.08722222222222223,-12.770182801932366
11.359999895095825,0.11276258782608696,0.08722222222222223,-12.770182801932366
11.379999876022339,0.11276258782608696,0.08722222222222223,-12.770182801932366
11.399999856948853,0.11276258782608696,0.08722222222222223,-12.770182801932366
11.419999837875366,0.11276258782608696,0.08722222222222223,-12.770182801932366
11.440000057220459,0.11276258782608696,0.08722222222222223,-12.770182801932366
11.460000038146973,0.11276258782608696,0.08722222222222223,-12.770182801932366
11.480000019073486,0.11276258782608696,0.08722222222222223,-12.770182801932366
11.5,0.11276258782608696,0.08722222222222223,-12.770182801932366
11.519999980926514,0.11276258782608696,0.08722222222222223,-12.770182801932366
11.549999952316284,0.11276258782608696,0.08722222222222223,-12.770182801932366
11.569999933242798,0.11276258782608696,0.08722222222222223,-12.770182801932366
11.589999914169312,0.11276258782608696,0.08722222222222223,-12.770182801932366
11.609999895095825,0.11276258782608696,0.08722222222222223,-12.770182801932366
11.629999876022339,0.11276258782608696,0.08722222222222223,-12.770182801932366
11.649999856948853,0.11276258782608696,0.08722222222222223,-12.770182801932366
11.669999837875366,0.11276258782608696,0.08722222222222223,-12.770182801932366
11.690000057220459,0.11276258782608696,0.08722222222222223,-12.770182801932366
11.710000038146973,0.11276258782608696,0.08722222222222223,-12.770182801932366
11.730000019073486,0.11276258782608696,0.08722222222222223,-12.770182801932366
11.75,0.11276258782608696,0.08722222222222223,-12.770182801932366
11.769999980926514,0.11276258782608696,0.08722222222222223,-12.770182801932366
11.789999961853027,0.11276258782608696,0.08722222222222223,-12.770182801932366
11.809999942779541,0.11276258782608696,0.08722222222222223,-12.770182801932366
11.829999923706055,0.11276258782608696,0.08722222222222223,-12.770182801932366
11.849999904632568,0.11276258782608696,0.08722222222222223,-12.770182801932366
11.869999885559082,0.11276258782608696,0.08722222222222223,-12.770182801932366
11.889999866485596,0.11276258782608696,0.08722222222222223,-12.770182801932366
11.90999984741211,0.11276258782608696,0.08722222222222223,-12.770182801932366
11.929999828338623,0.11276258782608696,0.08722222222222223,-12.770182801932366
11.950000047683716,0.11276258782608696,0.08722222222222223,-12.770182801932366
11.97000002861023,0.11276258782608696,0.08722222222222223,-12.770182801932366
11.990000009536743,0.11276258782608696,0.08722222222222223,-12.770182801932366
12.009999990463257,0.11276258782608696,0.08722222222222223,-12.770182801932366
12.02999997138977,0.11276258782608696,0.08722222222222223,-12.770182801932366
12.049999952316284,0.11276258782608696,0.08722222222222223,-12.770182801932366
12.069999933242798,0.11276258782608696,0.08722222222222223,-12.770182801932366
12.089999914169312,0.11276258782608696,0.08722222222222223,-12.770182801932366
12.119999885559082,0.11276258782608696,0.08722222222222223,-12.770182801932366
12.139999866485596,0.11276258782608696,0.08722222222222223,-12.770182801932366
12.15999984741211,0.11276258782608696,0.08722222222222223,-12.770182801932366
12.179999828338623,0.11276258782608696,0.08722222222222223,-12.770182801932366
12.200000047683716,0.11276258782608696,0.08722222222222223,-12.770182801932366
12.22000002861023,0.11276258782608696,0.08722222222222223,-12.770182801932366
12.240000009536743,0.11276258782608696,0.08722222222222223,-12.770182801932366
12.259999990463257,0.11276258782608696,0.08722222222222223,-12.770182801932366
12.27999997138977,0.11276258782608696,0.08722222222222223,-12.770182801932366
12.299999952316284,0.11276258782608696,0.08722222222222223,-12.770182801932366
12.319999933242798,0.11276258782608696,0.08722222222222223,-12.770182801932366
12.339999914169312,0.11276258782608696,0.08722222222222223,-12.770182801932366
12.359999895095825,0.11276258782608696,0.08722222222222223,-12.770182801932366
12.379999876022339,0.11276258782608696,0.08722222222222223,-12.770182801932366
12.399999856948853,0.11276258782608696,0.08722222222222223,-12.770182801932366
12.419999837875366,0.11276258782608696,0.08722222222222223,-12.770182801932366
12.440000057220459,0.11276258782608696,0.08722222222222223,-12.770182801932366
12.460000038146973,0.11276258782608696,0.08722222222222223,-12.770182801932366
12.480000019073486,0.11276258782608696,0.08722222222222223,-12.770182801932366
12.5,0.11276258782608696,0.08722222222222223,-12.770182801932366
12.519999980926514,0.11276258782608696,0.08722222222222223,-12.770182801932366
12.539999961853027,0.11276258782608696,0.08722222222222223,-12.770182801932366
12.559999942779541,0.11276258782608696,0.08722222222222223,-12.770182801932366
12.579999923706055,0.11276258782608696,0.08722222222222223,-12.770182801932366
12.599999904632568,0.11276258782608696,0.08722222222222223,-12.770182801932366
12.619999885559082,0.11276258782608696,0.08722222222222223,-12.770182801932366
12.639999866485596,0.11276258782608696,0.08722222222222223,-12.770182801932366
12.669999837875366,0.11276258782608696,0.08722222222222223,-12.770182801932366
12.690000057220459,0.11276258782608696,0.08722222222222223,-12.770182801932366
12.710000038146973,0.11276258782608696,0.08722222222222223,-12.770182801932366
12.730000019073486,0.11276258782608696,0.08722222222222223,-12.770182801932366
12.75,0.11276258782608696,0.08722222222222223,-12.770182801932366
12.769999980926514,0.11276258782608696,0.08722222222222223,-12.770182801932366
12.789999961853027,0.11276258782608696,0.08722222222222223,-12.770182801932366
12.809999942779541,0.11276258782608696,0.08722222222222223,-12.770182801932366
12.829999923706055,0.11276258782608696,0.08722222222222223,-12.770182801932366
12.849999904632568,0.11276258782608696,0.08722222222222223,-12.770182801932366
12.869999885559082,0.11276258782608696,0.08722222222222223,-12.770182801932366
12.889999866485596,0.11276258782608696,0.08722222222222223,-12.770182801932366
12.90999984741211,0.11276258782608696,0.08722222222222223,-12.770182801932366
12.929999828338623,0.11276258782608696,0.08722222222222223,-12.770182801932366
12.950000047683716,0.11276258782608696,0.08722222222222223,-12.770182801932366
12.97000002861023,0.11276258782608696,0.08722222222222223,-12.770182801932366
12.990000009536743,0.11276258782608696,0.08722222222222223,-12.770182801932366
13.009999990463257,0.11276258782608696,0.08722222222222223,-12.770182801932366
13.02999997138977,0.11276258782608696,0.08722222222222223,-12.770182801932366
13.049999952316284,0.11276258782608696,0.08722222222222223,-12.770182801932366
13.069999933242798,0.11276258782608696,0.08722222222222223,-12.770182801932366
13.089999914169312,0.11276258782608696,0.08722222222222223,-12.770182801932366
13.109999895095825,0.11276258782608696,0.08722222222222223,-12.770182801932366
13.129999876022339,0.11276258782608696,0.08722222222222223,-12.770182801932366
13.149999856948853,0.11276258782608696,0.08722222222222223,-12.770182801932366
13.169999837875366,0.11276258782608696,0.08722222222222223,-12.770182801932366
13.190000057220459,0.11276258782608696,0.08722222222222223,-12.770182801932366
13.22000002861023,0.11276258782608696,0.08722222222222223,-12.770182801932366
13.240000009536743,0.11276258782608696,0.08722222222222223,-12.770182801932366
13.259999990463257,0.11276258782608696,0.08722222222222223,-12.770182801932366
13.27999997138977,0.11276258782608696,0.08722222222222223,-12.770182801932366
13.299999952316284,0.11276258782608696,0.08722222222222223,-12.770182801932366
13.319999933242798,0.11276258782608696,0.08722222222222223,-12.770182801932366
13.339999914169312,0.11276258782608696,0.08722222222222223,-12.770182801932366
13.359999895095825,0.11276258782608696,0.08722222222222223,-12.770182801932366
13.379999876022339,0.11276258782608696,0.08722222222222223,-12.770182801932366
13.399999856948853,0.11276258782608696,0.08722222222222223,-12.770182801932366
13.419999837875366,0.11276258782608696,0.08722222222222223,-12.770182801932366
13.440000057220459,0.11276258782608696,0.08722222222222223,-12.770182801932366
13.460000038146973,0.11276258782608696,0.08722222222222223,-12.770182801932366
13.480000019073486,0.11276258782608696,0.08722222222222223,-12.770182801932366
13.5,0.11276258782608696,0.08722222222222223,-12.770182801932366
13.519999980926514,0.11276258782608696,0.08722222222222223,-12.770182801932366
13.539999961853027,0.11276258782608696,0.08722222222222223,-12.770182801932366
13.559999942779541,0.11276258782608696,0.08722222222222223,-12.770182801932366
13.579999923706055,0.11276258782608696,0.08722222222222223,-12.770182801932366
13.599999904632568,0.11276258782608696,0.08722222222222223,-12.770182801932366
13.619999885559082,0.11276258782608696,0.08722222222222223,-12.770182801932366
13.639999866485596,0.11276258782608696,0.08722222222222223,-12.770182801932366
13.65999984741211,0.11276258782608696,0.08722222222222223,-12.770182801932366
13.679999828338623,0.11276258782608696,0.08722222222222223,-12.770182801932366
13.700000047683716,0.11276258782608696,0.08722222222222223,-12.770182801932366
13.72000002861023,0.11276258782608696,0.08722222222222223,-12.770182801932366
13.740000009536743,0.11276258782608696,0.08722222222222223,-12.770182801932366
13.759999990463257,0.11276258782608696,0.08722222222222223,-12.770182801932366
13.789999961853027,0.11276258782608696,0.08722222222222223,-12.770182801932366
13.809999942779541,0.11276258782608696,0.08722222222222223,-12.770182801932366
13.829999923706055,0.11276258782608696,0.08722222222222223,-12.770182801932366
13.849999904632568,0.11276258782608696,0.08722222222222223,-12.770182801932366
13.869999885559082,0.11276258782608696,0.08722222222222223,-12.770182801932366
13.889999866485596,0.11276258782608696,0.08722222222222223,-12.770182801932366
13.90999984741211,0.11276258782608696,0.08722222222222223,-12.770182801932366
13.929999828338623,0.11276258782608696,0.08722222222222223,-12.770182801932366
13.950000047683716,0.11276258782608696,0.08722222222222223,-12.770182801932366
13.97000002861023,0.11276258782608696,0.08722222222222223,-12.770182801932366
13.990000009536743,0.11276258782608696,0.08722222222222223,-12.770182801932366
14.009999990463257,0.11276258782608696,0.08722222222222223,-12.770182801932366
14.02999997138977,0.11276258782608696,0.08722222222222223,-12.770182801932366
14.049999952316284,0.11276258782608696,0.08722222222222223,-12.770182801932366
14.069999933242798,0.11276258782608696,0.08722222222222223,-12.770182801932366
14.089999914169312,0.11276258782608696,0.08722222222222223,-12.770182801932366
14.109999895095825,0.11276258782608696,0.08722222222222223,-12.770182801932366
14.129999876022339,0.11276258782608696,0.08722222222222223,-12.770182801932366
14.149999856948853,0.11276258782608696,0.08722222222222223,-12.770182801932366
14.169999837875366,0.11276258782608696,0.08722222222222223,-12.770182801932366
14.190000057220459,0.11276258782608696,0.08722222222222223,-12.770182801932366
14.210000038146973,0.11276258782608696,0.08722222222222223,-12.770182801932366
14.230000019073486,0.11276258782608696,0.08722222222222223,-12.770182801932366
14.25,0.11276258782608696,0.08722222222222223,-12.770182801932366
14.269999980926514,0.11276258782608696,0.08722222222222223,-12.770182801932366
14.289999961853027,0.11276258782608696,0.08722222222222223,-12.770182801932366
14.309999942779541,0.11276258782608696,0.08722222222222223,-12.770182801932366
14.329999923706055,0.11276258782608696,0.08722222222222223,-12.770182801932366
14.349999904632568,0.11276258782608696,0.08722222222222223,-12.770182801932366
14.379999876022339,0.11276258782608696,0.08722222222222223,-12.770182801932366
14.399999856948853,0.11276258782608696,0.08722222222222223,-12.770182801932366
14.419999837875366,0.11276258782608696,0.08722222222222223,-12.770182801932366
14.440000057220459,0.11276258782608696,0.08722222222222223,-12.770182801932366
14.460000038146973,0.11276258782608696,0.08722222222222223,-12.770182801932366
14.480000019073486,0.11276258782608696,0.08722222222222223,-12.770182801932366
14.5,0.11276258782608696,0.08722222222222223,-12.770182801932366
14.519999980926514,0.11276258782608696,0.08722222222222223,-12.770182801932366
14.539999961853027,0.11276258782608696,0.08722222222222223,-12.770182801932366
14.559999942779541,0.11276258782608696,0.08722222222222223,-12.770182801932366
14.579999923706055,0.11276258782608696,0.08722222222222223,-12.770182801932366
14.599999904632568,0.11276258782608696,0.08722222222222223,-12.770182801932366
14.619999885559082,0.11276258782608696,0.08722222222222223,-12.770182801932366
14.639999866485596,0.11276258782608696,0.08722222222222223,-12.770182801932366
14.65999984741211,0.11276258782608696,0.08722222222222223,-12.770182801932366
14.679999828338623,0.11276258782608696,0.08722222222222223,-12.770182801932366
14.700000047683716,0.11276258782608696,0.08722222222222223,-12.770182801932366
14.72000002861023,0.11276258782608696,0.08722222222222223,-12.770182801932366
14.740000009536743,0.11276258782608696,0.08722222222222223,-12.770182801932366
14.759999990463257,0.11276258782608696,0.08722222222222223,-12.770182801932366
14.77999997138977,0.11276258782608696,0.08722222222222223,-12.770182801932366
14.799999952316284,0.11276258782608696,0.08722222222222223,-12.770182801932366
14.819999933242798,0.11276258782608696,0.08722222222222223,-12.770182801932366
14.839999914169312,0.11276258782608696,0.08722222222222223,-12.770182801932366
14.859999895095825,0.11276258782608696,0.08722222222222223,-12.770182801932366
14.879999876022339,0.11276258782608696,0.08722222222222223,-12.770182801932366
14.899999856948853,0.11276258782608696,0.08722222222222223,-12.770182801932366
14.919999837875366,0.11276258782608696,0.08722222222222223,-12.770182801932366
14.950000047683716,0.11276258782608696,0.08722222222222223,-12.770182801932366
14.97000002861023,0.11276258782608696,0.08722222222222223,-12.770182801932366
14.990000009536743,0.11276258782608696,0.08722222222222223,-12.770182801932366
15.009999990463257,0.11276258782608696,0.08722222222222223,-12.770182801932366
15.02999997138977,0.11276258782608696,0.08722222222222223,-12.770182801932366
15.049999952316284,0.11276258782608696,0.08722222222222223,-12.770182801932366
15.069999933242798,0.11276258782608696,0.08722222222222223,-12.770182801932366
15.089999914169312,0.11276258782608696,0.08722222222222223,-12.770182801932366
15.109999895095825,0.11276258782608696,0.08722222222222223,-12.770182801932366
15.129999876022339,0.11276258782608696,0.08722222222222223,-12.770182801932366
15.149999856948853,0.11276258782608696,0.08722222222222223,-12.770182801932366
15.169999837875366,0.11276258782608696,0.08722222222222223,-12.770182801932366
15.190000057220459,0.11276258782608696,0.08722222222222223,-12.770182801932366
15.210000038146973,0.11276258782608696,0.08722222222222223,-12.770182801932366
15.230000019073486,0.11276258782608696,0.08722222222222223,-12.770182801932366
15.25,0.11276258782608696,0.08722222222222223,-12.770182801932366
15.269999980926514,0.11276258782608696,0.08722222222222223,-12.770182801932366
15.289999961853027,0.11276258782608696,0.08722222222222223,-12.770182801932366
15.309999942779541,0.11276258782608696,0.08722222222222223,-12.770182801932366
15.329999923706055,0.11276258782608696,0.08722222222222223,-12.770182801932366
15.349999904632568,0.11276258782608696,0.08722222222222223,-12.770182801932366
15.369999885559082,0.11276258782608696,0.08722222222222223,-12.770182801932366
15.389999866485596,0.11276258782608696,0.08722222222222223,-12.770182801932366
15.40999984741211,0.11276258782608696,0.08722222222222223,-12.770182801932366
15.429999828338623,0.11276258782608696,0.08722222222222223,-12.770182801932366
15.450000047683716,0.11276258782608696,0.08722222222222223,-12.770182801932366
15.47000002861023,0.11276258782608696,0.08722222222222223,-12.770182801932366
15.490000009536743,0.11276258782608696,0.08722222222222223,-12.770182801932366
15.519999980926514,0.11276258782608696,0.08722222222222223,-12.770182801932366
15.539999961853027,0.11276258782608696,0.08722222222222223,-12.770182801932366
15.559999942779541,0.11276258782608696,0.08722222222222223,-12.770182801932366
15.579999923706055,0.11276258782608696,0.08722222222222223,-12.770182801932366
15.599999904632568,0.11276258782608696,0.08722222222222223,-12.770182801932366
15.619999885559082,0.11276258782608696,0.08722222222222223,-12.770182801932366
15.639999866485596,0.11276258782608696,0.08722222222222223,-12.770182801932366
15.65999984741211,0.11276258782608696,0.08722222222222223,-12.770182801932366
15.679999828338623,0.11276258782608696,0.08722222222222223,-12.770182801932366
15.700000047683716,0.11276258782608696,0.08722222222222223,-12.770182801932366
15.72000002861023,0.11276258782608696,0.08722222222222223,-12.770182801932366
15.740000009536743,0.11276258782608696,0.08722222222222223,-12.770182801932366
15.759999990463257,0.11276258782608696,0.08722222222222223,-12.770182801932366
15.77999997138977,0.11276258782608696,0.08722222222222223,-12.770182801932366
15.799999952316284,0.11276258782608696,0.08722222222222223,-12.770182801932366
15.819999933242798,0.11276258782608696,0.08722222222222223,-12.770182801932366
15.839999914169312,0.11276258782608696,0.08722222222222223,-12.770182801932366
15.859999895095825,0.11276258782608696,0.08722222222222223,-12.770182801932366
15.879999876022339,0.11276258782608696,0.08722222222222223,-12.770182801932366
15.899999856948853,0.11276258782608696,0.08722222222222223,-12.770182801932366
15.919999837875366,0.11276258782608696,0.08722222222222223,-12.770182801932366
15.940000057220459,0.11276258782608696,0.08722222222222223,-12.770182801932366
15.960000038146973,0.11276258782608696,0.08722222222222223,-12.770182801932366
15.980000019073486,0.11276258782608696,0.08722222222222223,-12.770182801932366
16.0,0.11276258782608696,0.08722222222222223,-12.770182801932366
16.019999980926514,0.11276258782608696,0.08722222222222223,-12.770182801932366
16.039999961853027,0.11276258782608696,0.08722222222222223,-12.770182801932366
16.05999994277954,0.11276258782608696,0.08722222222222223,-12.770182801932366
16.08999991416931,0.11276258782608696,0.08722222222222223,-12.770182801932366
16.109999895095825,0.11276258782608696,0.08722222222222223,-12.770182801932366
16.12999987602234,0.11276258782608696,0.08722222222222223,-12.770182801932366
16.149999856948853,0.11276258782608696,0.08722222222222223,-12.770182801932366
16.169999837875366,0.11276258782608696,0.08722222222222223,-12.770182801932366
16.19000005722046,0.11276258782608696,0.08722222222222223,-12.770182801932366
16.210000038146973,0.11276258782608696,0.08722222222222223,-12.770182801932366
16.230000019073486,0.11276258782608696,0.08722222222222223,-12.770182801932366
16.25,0.11276258782608696,0.08722222222222223,-12.770182801932366
16.269999980926514,0.11276258782608696,0.08722222222222223,-12.770182801932366
16.289999961853027,0.11276258782608696,0.08722222222222223,-12.770182801932366
16.30999994277954,0.11276258782608696,0.08722222222222223,-12.770182801932366
16.329999923706055,0.11276258782608696,0.08722222222222223,-12.770182801932366
16.34999990463257,0.11276258782608696,0.08722222222222223,-12.770182801932366
16.369999885559082,0.11276258782608696,0.08722222222222223,-12.770182801932366
16.389999866485596,0.11276258782608696,0.08722222222222223,-12.770182801932366
16.40999984741211,0.11276258782608696,0.08722222222222223,-12.770182801932366
16.429999828338623,0.11276258782608696,0.08722222222222223,-12.770182801932366
16.450000047683716,0.11276258782608696,0.08722222222222223,-12.770182801932366
16.47000002861023,0.11276258782608696,0.08722222222222223,-12.770182801932366
16.490000009536743,0.11276258782608696,0.08722222222222223,-12.770182801932366
16.509999990463257,0.11276258782608696,0.08722222222222223,-12.770182801932366
16.52999997138977,0.11276258782608696,0.08722222222222223,-12.770182801932366
16.549999952316284,0.11276258782608696,0.08722222222222223,-12.770182801932366
16.569999933242798,0.11276258782608696,0.08722222222222223,-12.770182801932366
16.58999991416931,0.11276258782608696,0.08722222222222223,-12.770182801932366
16.609999895095825,0.11276258782608696,0.08722222222222223,-12.770182801932366
16.639999866485596,0.11276258782608696,0.08722222222222223,-12.770182801932366
16.65999984741211,0.11276258782608696,0.08722222222222223,-12.770182801932366
16.679999828338623,0.11276258782608696,0.08722222222222223,-12.770182801932366
16.700000047683716,0.11276258782608696,0.08722222222222223,-12.770182801932366
16.72000002861023,0.11276258782608696,0.08722222222222223,-12.770182801932366
16.740000009536743,0.11276258782608696,0.08722222222222223,-12.770182801932366
16.759999990463257,0.11276258782608696,0.08722222222222223,-12.770182801932366
16.77999997138977,0.11276258782608696,0.08722222222222223,-12.770182801932366
16.799999952316284,0.11276258782608696,0.08722222222222223,-12.770182801932366
16.819999933242798,0.11276258782608696,0.08722222222222223,-12.770182801932366
16.83999991416931,0.11276258782608696,0.08722222222222223,-12.770182801932366
16.859999895095825,0.11276258782608696,0.08722222222222223,-12.770182801932366
16.87999987602234,0.11276258782608696,0.08722222222222223,-12.770182801932366
16.899999856948853,0.11276258782608696,0.08722222222222223,-12.770182801932366
16.919999837875366,0.11276258782608696,0.08722222222222223,-12.770182801932366
16.94000005722046,0.11276258782608696,0.08722222222222223,-12.770182801932366
16.960000038146973,0.11276258782608696,0.08722222222222223,-12.770182801932366
16.980000019073486,0.11276258782608696,0.08722222222222223,-12.770182801932366
17.0,0.11276258782608696,0.08722222222222223,-12.770182801932366
17.019999980926514,0.11276258782608696,0.08722222222222223,-12.770182801932366
17.039999961853027,0.11276258782608696,0.08722222222222223,-12.770182801932366
17.05999994277954,0.11276258782608696,0.08722222222222223,-12.770182801932366
17.079999923706055,0.11276258782608696,0.08722222222222223,-12.770182801932366
17.09999990463257,0.11276258782608696,0.08722222222222223,-12.770182801932366
17.119999885559082,0.11276258782608696,0.08722222222222223,-12.770182801932366
17.139999866485596,0.11276258782608696,0.08722222222222223,-12.770182801932366
17.15999984741211,0.11276258782608696,0.08722222222222223,-12.770182801932366
17.179999828338623,0.11276258782608696,0.08722222222222223,-12.770182801932366
17.210000038146973,0.11276258782608696,0.08722222222222223,-12.770182801932366
17.230000019073486,0.11276258782608696,0.08722222222222223,-12.770182801932366
17.25,0.11276258782608696,0.08722222222222223,-12.770182801932366
17.269999980926514,0.11276258782608696,0.08722222222222223,-12.770182801932366
17.289999961853027,0.11276258782608696,0.08722222222222223,-12.770182801932366
17.30999994277954,0.11276258782608696,0.08722222222222223,-12.770182801932366
17.329999923706055,0.11276258782608696,0.08722222222222223,-12.770182801932366
17.34999990463257,0.11276258782608696,0.08722222222222223,-12.770182801932366
17.369999885559082,0.11276258782608696,0.08722222222222223,-12.770182801932366
17.389999866485596,0.11276258782608696,0.08722222222222223,-12.770182801932366
17.40999984741211,0.11276258782608696,0.08722222222222223,-12.770182801932366
17.429999828338623,0.11276258782608696,0.08722222222222223,-12.770182801932366
17.450000047683716,0.11276258782608696,0.08722222222222223,-12.770182801932366
17.47000002861023,0.11276258782608696,0.08722222222222223,-12.770182801932366
17.490000009536743,0.11276258782608696,0.08722222222222223,-12.770182801932366
17.509999990463257,0.11276258782608696,0.08722222222222223,-12.770182801932366
17.52999997138977,0.11276258782608696,0.08722222222222223,-12.770182801932366
17.549999952316284,0.11276258782608696,0.08722222222222223,-12.770182801932366
17.569999933242798,0.11276258782608696,0.08722222222222223,-12.770182801932366
17.58999991416931,0.11276258782608696,0.08722222222222223,-12.770182801932366
17.609999895095825,0.11276258782608696,0.08722222222222223,-12.770182801932366
17.62999987602234,0.11276258782608696,0.08722222222222223,-12.770182801932366
17.649999856948853,0.11276258782608696,0.08722222222222223,-12.770182801932366
17.669999837875366,0.11276258782608696,0.08722222222222223,-12.770182801932366
17.69000005722046,0.11276258782608696,0.08722222222222223,-12.770182801932366
17.710000038146973,0.11276258782608696,0.08722222222222223,-12.770182801932366
17.730000019073486,0.11276258782608696,0.08722222222222223,-12.770182801932366
17.75,0.11276258782608696,0.08722222222222223,-12.770182801932366
17.77999997138977,0.11276258782608696,0.08722222222222223,-12.770182801932366
17.799999952316284,0.11276258782608696,0.08722222222222223,-12.770182801932366
17.819999933242798,0.11276258782608696,0.08722222222222223,-12.770182801932366
17.83999991416931,0.11276258782608696,0.08722222222222223,-12.770182801932366
17.859999895095825,0.11276258782608696,0.08722222222222223,-12.770182801932366
17.87999987602234,0.11276258782608696,0.08722222222222223,-12.770182801932366
17.899999856948853,0.11276258782608696,0.08722222222222223,-12.770182801932366
17.919999837875366,0.11276258782608696,0.08722222222222223,-12.770182801932366
17.94000005722046,0.11276258782608696,0.08722222222222223,-12.770182801932366
17.960000038146973,0.11276258782608696,0.08722222222222223,-12.770182801932366
17.980000019073486,0.11276258782608696,0.08722222222222223,-12.770182801932366
18.0,0.11276258782608696,0.08722222222222223,-12.770182801932366
18.019999980926514,0.11276258782608696,0.08722222222222223,-12.770182801932366
18.039999961853027,0.11276258782608696,0.08722222222222223,-12.770182801932366
18.05999994277954,0.11276258782608696,0.08722222222222223,-12.770182801932366
18.079999923706055,0.11276258782608696,0.08722222222222223,-12.770182801932366
18.09999990463257,0.11276258782608696,0.08722222222222223,-12.770182801932366
18.119999885559082,0.11276258782608696,0.08722222222222223,-12.770182801932366
18.139999866485596,0.11276258782608696,0.08722222222222223,-12.770182801932366
18.15999984741211,0.11276258782608696,0.08722222222222223,-12.770182801932366
18.179999828338623,0.11276258782608696,0.08722222222222223,-12.770182801932366
18.200000047683716,0.11276258782608696,0.08722222222222223,-12.770182801932366
18.22000002861023,0.11276258782608696,0.08722222222222223,-12.770182801932366
18.240000009536743,0.11276258782608696,0.08722222222222223,-12.770182801932366
18.259999990463257,0.11276258782608696,0.08722222222222223,-12.770182801932366
18.27999997138977,0.11276258782608696,0.08722222222222223,-12.770182801932366
18.299999952316284,0.11276258782608696,0.08722222222222223,-12.770182801932366
18.319999933242798,0.11276258782608696,0.08722222222222223,-12.770182801932366
18.34999990463257,0.11276258782608696,0.08722222222222223,-12.770182801932366
18.369999885559082,0.11276258782608696,0.08722222222222223,-12.770182801932366
18.389999866485596,0.11276258782608696,0.08722222222222223,-12.770182801932366
18.40999984741211,0.11276258782608696,0.08722222222222223,-12.770182801932366
18.429999828338623,0.11276258782608696,0.08722222222222223,-12.770182801932366
18.450000047683716,0.11276258782608696,0.08722222222222223,-12.770182801932366
18.47000002861023,0.11276258782608696,0.08722222222222223,-12.770182801932366
18.490000009536743,0.11276258782608696,0.08722222222222223,-12.770182801932366
18.509999990463257,0.11276258782608696,0.08722222222222223,-12.770182801932366
18.52999997138977,0.11276258782608696,0.08722222222222223,-12.770182801932366
18.549999952316284,0.11276258782608696,0.08722222222222223,-12.770182801932366
18.569999933242798,0.11276258782608696,0.08722222222222223,-12.770182801932366
18.58999991416931,0.11276258782608696,0.08722222222222223,-12.770182801932366
18.609999895095825,0.11276258782608696,0.08722222222222223,-12.770182801932366
18.62999987602234,0.11276258782608696,0.08722222222222223,-12.770182801932366
18.649999856948853,0.11276258782608696,0.08722222222222223,-12.770182801932366
18.669999837875366,0.11276258782608696,0.08722222222222223,-12.770182801932366
18.69000005722046,0.11276258782608696,0.08722222222222223,-12.770182801932366
18.710000038146973,0.11276258782608696,0.08722222222222223,-12.770182801932366
18.730000019073486,0.11276258782608696,0.08722222222222223,-12.770182801932366
18.75,0.11276258782608696,0.08722222222222223,-12.770182801932366
18.769999980926514,0.11276258782608696,0.08722222222222223,-12.770182801932366
18.789999961853027,0.11276258782608696,0.08722222222222223,-12.770182801932366
18.80999994277954,0.11276258782608696,0.08722222222222223,-12.770182801932366
18.829999923706055,0.11276258782608696,0.08722222222222223,-12.770182801932366
18.84999990463257,0.11276258782608696,0.08722222222222223,-12.770182801932366
18.869999885559082,0.11276258782608696,0.08722222222222223,-12.770182801932366
18.889999866485596,0.11276258782608696,0.08722222222222223,-12.770182801932366
18.919999837875366,0.11276258782608696,0.08722222222222223,-12.770182801932366
18.94000005722046,0.11276258782608696,0.08722222222222223,-12.770182801932366
18.960000038146973,0.11276258782608696,0.08722222222222223,-12.770182801932366
18.980000019073486,0.11276258782608696,0.08722222222222223,-12.770182801932366
19.0,0.11276258782608696,0.08722222222222223,-12.770182801932366
19.019999980926514,0.11276258782608696,0.08722222222222223,-12.770182801932366
19.039999961853027,0.11276258782608696,0.08722222222222223,-12.770182801932366
19.05999994277954,0.11276258782608696,0.08722222222222223,-12.770182801932366
19.079999923706055,0.11276258782608696,0.08722222222222223,-12.770182801932366
19.09999990463257,0.11276258782608696,0.08722222222222223,-12.770182801932366
19.119999885559082,0.11276258782608696,0.08722222222222223,-12.770182801932366
19.139999866485596,0.11276258782608696,0.08722222222222223,-12.770182801932366
19.15999984741211,0.11276258782608696,0.08722222222222223,-12.770182801932366
19.179999828338623,0.11276258782608696,0.08722222222222223,-12.770182801932366
19.200000047683716,0.11276258782608696,0.08722222222222223,-12.770182801932366
19.22000002861023,0.11276258782608696,0.08722222222222223,-12.770182801932366
19.240000009536743,0.11276258782608696,0.08722222222222223,-12.770182801932366
19.259999990463257,0.11276258782608696,0.08722222222222223,-12.770182801932366
19.27999997138977,0.11276258782608696,0.08722222222222223,-12.770182801932366
19.299999952316284,0.11276258782608696,0.08722222222222223,-12.770182801932366
19.319999933242798,0.11276258782608696,0.08722222222222223,-12.770182801932366
19.33999991416931,0.11276258782608696,0.08722222222222223,-12.770182801932366
19.359999895095825,0.11276258782608696,0.08722222222222223,-12.770182801932366
19.37999987602234,0.11276258782608696,0.08722222222222223,-12.770182801932366
19.399999856948853,0.11276258782608696,0.08722222222222223,-12.770182801932366
19.419999837875366,0.11276258782608696,0.08722222222222223,-12.770182801932366
19.44000005722046,0.11276258782608696,0.08722222222222223,-12.770182801932366
19.47000002861023,0.11276258782608696,0.08722222222222223,-12.770182801932366
19.490000009536743,0.11276258782608696,0.08722222222222223,-12.770182801932366
19.509999990463257,0.11276258782608696,0.08722222222222223,-12.770182801932366
19.52999997138977,0.11276258782608696,0.08722222222222223,-12.770182801932366
19.549999952316284,0.11276258782608696,0.08722222222222223,-12.770182801932366
19.569999933242798,0.11276258782608696,0.08722222222222223,-12.770182801932366
19.58999991416931,0.11276258782608696,0.08722222222222223,-12.770182801932366
19.609999895095825,0.11276258782608696,0.08722222222222223,-12.770182801932366
19.62999987602234,0.11276258782608696,0.08722222222222223,-12.770182801932366
19.649999856948853,0.11276258782608696,0.08722222222222223,-12.770182801932366
19.669999837875366,0.11276258782608696,0.08722222222222223,-12.770182801932366
19.69000005722046,0.11276258782608696,0.08722222222222223,-12.770182801932366
19.710000038146973,0.11276258782608696,0.08722222222222223,-12.770182801932366
19.730000019073486,0.11276258782608696,0.08722222222222223,-12.770182801932366
19.75,0.11276258782608696,0.08722222222222223,-12.770182801932366
19.769999980926514,0.11276258782608696,0.08722222222222223,-12.770182801932366
19.789999961853027,0.11276258782608696,0.08722222222222223,-12.770182801932366
19.80999994277954,0.11276258782608696,0.08722222222222223,-12.770182801932366
19.829999923706055,0.11276258782608696,0.08722222222222223,-12.770182801932366
19.84999990463257,0.11276258782608696,0.08722222222222223,-12.770182801932366
19.869999885559082,0.11276258782608696,0.08722222222222223,-12.770182801932366
19.889999866485596,0.11276258782608696,0.08722222222222223,-12.770182801932366
19.90999984741211,0.11276258782608696,0.08722222222222223,-12.770182801932366
19.929999828338623,0.11276258782608696,0.08722222222222223,-12.770182801932366
19.950000047683716,0.11276258782608696,0.08722222222222223,-12.770182801932366
19.97000002861023,0.11276258782608696,0.08722222222222223,-12.770182801932366
19.990000009536743,0.11276258782608696,0.08722222222222223,-12.770182801932366
